retweet_id,user_id,post_id,timestamp
0a56db53,user_002,31df6d6a,2025-08-17 22:38:39
c767d5f2,user_001,0eb04eb9,2025-08-17 22:41:15
3904fcf9,user_001,720baa52,2025-08-17 22:41:44
b450d8ce,user_001,fdf34416,2025-08-17 22:41:46
b13c59f1,user_002,fdf34416,2025-08-17 22:41:56
6f131a6a,user_002,c49aec34,2025-08-17 22:42:05
c92fc267,user_003,fd04ff61,2025-08-17 23:23:30
5afabc8b,user_003,18372b4c,2025-08-17 23:23:34
aa47f7cf,user_003,720baa52,2025-08-17 23:23:45
876e44ee,user_003,376cbd1c,2025-08-17 23:25:18
0db7dfaf,user_002,376cbd1c,2025-08-17 23:25:33
4296c087,user_002,fd04ff61,2025-08-17 23:25:38
